Group,CXCL8,HERC2P2,LOC105371874,HSPA2,NPY,LOC107987008,PTGER2,LOC112268045,LOC105379442,KCNE4,CLDN11,ABCA8,GREM1,LOC107987071,BOK.AS1,SLC1A7,BVES,PAPLN.AS1,RASSF9,LRRC63,BOK,SRPX2,LACC1,COL6A4P2,ACTA1,MYBPC2,EFHD1,LOC107987003,LOC105370803,LOC107987075,ABCA4,S1PR5
Case,6.207834,11.367917,5.126168,10.114904,6.452326,6.11039,4.902422,4.728416,4.818386,7.197348,10.472976,9.812661,7.295952,3.490845,4.818386,5.852846,7.657066,5.872891,5.536969,7.004356,8.108604,7.604803,8.728933,5.347042,4.818386,4.212618,9.703822,3.640276,4.680896,5.832509,5.681209,6.770758
Case,4.515244,11.096411,6.39954,11.326689,6.607284,4.766052,3.994051,4.285177,4.196757,5.810809,11.561941,11.710936,10.27347,2.809261,6.292377,3.874628,8.321028,5.155222,4.443503,8.737472,10.32723,6.346968,9.824603,5.022489,4.367079,4.515244,11.137327,3.350943,5.730221,5.584582,5.313889,8.148672
Case,3.608855,11.298492,6.450397,11.568293,7.255971,5.49034,3.782579,6.189473,6.098471,6.315875,11.443414,11.924065,10.569159,4.729184,6.050674,4.354123,8.542307,4.852166,4.439174,8.588583,10.272088,6.732336,9.558215,5.208935,4.592803,3.608855,10.5459,3.926462,5.8129,5.208935,5.163492,8.2336
Case,5.28714,12.001198,5.887288,10.424503,6.511673,5.517412,4.586245,5.244664,5.059872,6.222968,9.839953,11.135365,8.748564,4.433072,6.244151,4.656114,8.041966,5.200805,4.156688,7.276056,9.926939,6.016536,8.16826,4.512114,4.586245,4.512114,10.593567,3.922063,5.619514,5.991619,4.844895,7.055659
Case,4.834509,11.877421,4.778702,9.763819,5.92845,4.72032,4.206339,4.887982,5.211224,8.314145,8.487375,9.884893,7.579969,4.002393,4.59465,4.659081,7.4007,4.778702,5.600535,6.564937,8.079802,7.059467,8.295619,4.778702,4.52662,4.295277,9.765502,4.002393,4.454493,5.660832,5.631011,5.126639
Case,5.277372,11.664187,6.10516,10.991377,7.562542,6.176817,4.017063,5.908276,5.464135,7.677213,11.282213,11.631416,9.303236,4.893359,6.516919,5.404679,8.671879,6.029675,4.191518,8.903933,10.48541,7.452324,9.157378,5.136806,4.592797,4.017063,11.24659,4.017063,4.592797,5.575842,4.473799,7.725386
Case,5.065858,11.177837,5.112206,9.633141,6.588452,5.504551,4.400277,4.400277,4.316916,7.324743,9.990297,9.636941,7.468386,3.898458,4.619764,3.58836,7.032581,5.112206,4.967969,6.89928,7.925652,6.403336,8.555357,5.2423,4.478027,4.226874,9.520398,3.363472,3.898458,5.603205,5.470031,6.438832
Case,5.601963,10.470961,6.443451,11.847156,7.116288,5.444509,4.229348,4.749963,4.429535,5.313281,11.810192,11.888806,10.618922,2.809261,6.173913,3.832842,8.485689,5.004898,4.677366,9.153389,10.266402,7.129015,9.836132,5.115808,4.229348,3.983459,11.593732,3.832842,5.525485,5.485594,4.8186,8.950176
Case,4.888287,10.472031,5.814697,11.185013,7.091359,6.872032,4.549991,5.412223,4.483324,6.598659,11.695913,11.384431,9.087653,4.483324,5.195525,4.983635,7.761749,5.195525,4.888287,7.872229,9.001212,8.522124,10.043145,5.343767,4.412678,4.256863,10.89446,3.71828,5.814697,5.195525,4.983635,7.878125
Case,3.48849,11.558863,4.768183,9.447928,6.403501,4.896118,3.48849,4.722504,4.936081,6.557777,8.203385,9.298199,7.681378,3.965427,5.153202,4.974852,6.863735,5.57916,3.869165,6.803458,8.875576,5.627126,7.459042,5.249762,4.768183,4.722504,9.928647,4.405723,3.291745,6.015527,5.218341,6.085201
Case,4.299346,11.170295,4.381901,9.956961,6.828085,6.160175,4.299346,4.458919,4.113022,4.531202,9.467745,9.230924,7.476427,3.746294,5.132355,4.893281,6.603119,6.096382,3.578712,6.733985,8.594214,8.125368,8.515889,5.175386,5.087886,5.041874,9.880902,3.356529,4.299346,5.477665,5.29677,6.139229
Case,4.727512,10.849801,4.624672,9.718502,6.410805,5.671948,3.90164,4.172933,4.172933,6.599228,8.43446,9.037644,6.660915,3.790783,4.512411,4.867529,6.660915,5.374738,4.172933,5.896036,7.761012,6.226712,8.012652,4.822547,4.727512,5.071627,9.671557,3.66325,4.000559,5.033274,5.810663,6.352052
Case,4.602203,11.466099,4.878822,9.826424,6.026078,6.212116,4.805776,4.510305,4.767622,7.198254,9.933078,9.468605,7.669822,3.580048,4.357556,5.86415,7.838746,5.579561,4.510305,7.019459,8.058094,7.157331,8.68906,5.536795,4.981173,4.805776,9.553666,3.580048,4.767622,5.325923,5.220578,6.491223
Case,4.255465,11.211413,4.654662,9.898196,6.610318,3.921119,3.921119,4.155569,4.155569,5.681672,9.2522,9.105266,8.256337,3.604942,5.007704,4.510753,7.076969,5.405283,4.347031,6.303716,8.595136,5.405283,7.952992,4.72075,4.654662,5.106826,9.703831,3.77787,3.604942,5.617586,5.153738,6.673798
Case,4.847916,12.224806,5.27254,9.929049,5.594811,5.023549,4.202898,6.414028,6.619166,6.985007,9.612691,10.275916,8.453934,4.967599,5.128788,4.847916,7.392203,5.443138,5.226312,7.173803,8.742834,7.361485,8.067105,5.594811,4.783618,4.202898,9.50691,4.644263,3.961086,5.79509,5.85593,6.529561
Case,6.011129,12.491686,5.182466,9.831785,5.55874,5.820306,4.275326,5.820306,5.638631,7.364654,9.092822,10.036961,7.085784,4.945689,5.55874,5.429492,7.646273,5.383552,4.275326,6.281026,9.163949,6.329342,7.475487,4.879151,4.879151,4.480831,10.103944,4.655791,4.022413,6.04056,5.785816,6.443403
Case,4.586028,12.080436,5.911134,10.577443,6.68189,4.416405,3.40311,4.988339,5.295202,7.442376,9.89885,11.350306,9.221354,3.643366,6.270895,4.803065,8.213859,5.506483,4.416405,7.723288,9.846959,6.902095,8.721852,4.504234,4.321383,4.102779,11.015442,3.973512,5.654842,5.654842,4.217592,6.930961
Case,4.785729,12.084607,5.41468,10.157801,6.579712,6.015998,3.823713,5.47604,5.671528,7.361698,10.389052,10.43963,8.408335,4.882878,5.865705,5.722665,7.881886,6.015998,4.503685,8.211403,9.626229,7.483327,8.013809,5.175088,4.882878,4.369366,10.301981,3.937957,4.503685,5.77199,4.565529,6.7352
Case,4.457313,11.11361,5.151957,10.215198,7.379451,5.525291,4.254236,4.326039,4.004535,6.133162,10.666242,10.032001,8.349738,3.512283,5.078286,4.094612,7.701541,4.828678,3.905317,7.256456,8.833327,5.904059,8.891225,5.255366,4.630342,4.733425,10.08257,3.666176,4.177412,5.381965,5.000271,7.4513
Case,6.041564,10.403929,4.987842,9.888951,6.678592,5.556182,4.667923,4.573375,4.573375,6.254451,9.306663,9.22685,7.489351,3.836209,4.797479,3.929752,6.719919,5.153965,4.233854,6.254451,7.983611,6.699405,7.970877,4.951943,4.75576,4.233854,9.858189,3.466852,4.014798,5.50892,5.153965,6.240262
Case,4.73965,11.607062,6.083358,11.188292,6.706015,6.316983,4.629556,5.421363,4.629556,6.990963,11.547439,11.194458,8.451379,4.840867,5.704426,6.443714,7.751464,5.512543,4.508603,8.378386,9.445379,8.211456,9.447258,5.357016,4.934659,5.022129,10.824819,3.941427,4.934659,5.289473,5.421363,7.828524
Case,4.965127,11.217089,4.698899,9.773702,6.707805,5.444532,3.5669,4.093808,3.98795,6.533008,9.118622,9.343942,7.983857,2.809261,5.144685,5.302894,7.172126,5.302894,3.732064,6.694028,8.380692,6.183482,7.920437,5.144685,4.574328,5.874626,9.839032,2.809261,2.809261,5.186019,5.057957,6.85119
Case,4.152439,10.655699,6.468062,12.196136,7.582197,5.89973,4.152439,4.700411,4.794445,6.746738,12.379622,11.59454,9.830767,3.649874,6.507649,4.700411,9.443059,5.280353,4.298764,9.132916,10.386976,7.087941,10.418282,5.148913,4.152439,3.884823,11.204925,3.299127,5.078007,4.700411,4.650603,9.003559
Case,5.339503,11.481118,6.143048,11.519038,7.003728,4.359203,4.189616,4.638026,4.915935,6.403069,11.736134,11.57575,9.990893,4.435311,6.41994,3.731973,8.491637,5.185821,5.410269,8.797678,10.496567,6.707551,9.824656,4.915935,4.27765,4.359203,11.204762,3.868985,5.969757,5.874397,5.101837,8.319175
Case,5.274158,11.875477,8.47968,13.426696,6.188438,4.939081,2.809261,5.274158,5.117158,7.904845,13.137528,14.093744,11.464561,4.732611,8.709093,5.117158,10.325896,5.236596,4.840009,10.53472,12.719234,7.221075,10.876785,4.485195,3.854658,3.719372,13.378688,4.485195,6.978098,4.890496,4.076652,10.156444
Case,5.418742,11.103266,5.170681,10.271933,6.595258,6.229699,4.23993,5.450754,5.170681,7.783565,9.963007,10.393193,7.695148,4.530273,5.170681,4.709236,7.929094,5.317938,4.960321,7.454668,8.879342,7.399743,8.214461,4.763571,4.23993,3.707144,10.407162,3.84075,4.394229,5.282604,4.592883,6.538052
Case,4.607092,11.619355,7.101656,12.582996,8.238244,4.898833,4.004538,5.136516,4.22198,7.226341,13.51206,12.74848,10.919001,4.154417,7.046992,4.285581,9.858755,4.509352,3.920147,10.472761,11.232097,6.59171,10.952757,5.255372,4.004538,4.345741,12.325809,3.82734,5.07287,5.039862,4.653169,10.014018
Case,6.273239,11.230686,5.245961,10.117948,5.503569,6.883908,5.412572,5.280962,4.622727,7.665047,10.250823,10.196476,6.916662,4.367916,4.783982,6.033845,7.294106,5.348359,5.473902,6.850389,8.103773,8.432111,8.491117,5.616233,4.563933,4.622727,10.053364,4.038635,5.014241,5.173105,5.972322,6.402699
Case,5.019109,10.734578,4.838026,9.658517,7.206673,5.449044,3.534955,4.219213,4.371647,5.999192,8.446879,9.27984,6.976399,3.534955,4.788477,4.568039,6.912552,5.726203,2.809261,6.75148,8.193655,6.439729,8.129748,5.251166,4.683144,4.683144,9.780898,3.534955,3.693543,5.251166,5.648722,6.610831
Case,5.608422,11.414279,5.173787,10.307602,6.794847,6.130612,4.233288,5.121541,5.680987,6.430172,10.35865,9.998709,8.162292,3.986794,4.755031,3.653127,7.533162,5.173787,5.408335,8.252643,8.542546,6.81085,8.787833,5.570662,4.233288,4.889053,10.28067,3.410154,5.272539,5.22407,5.22407,7.35951
Case,6.119801,10.641856,5.051116,9.951994,7.041411,5.421603,4.396221,3.842116,3.842116,4.532402,9.628986,9.189147,8.167405,2.809261,4.868149,2.809261,6.403645,4.96284,4.396221,5.996741,8.319121,6.69364,8.401432,4.96284,5.133852,5.908292,9.642584,2.809261,4.241757,4.96284,4.96284,6.794941
Case,6.156297,10.853934,5.163711,10.009041,6.318894,5.896968,5.163711,5.368013,5.545607,6.933365,9.637242,10.032471,6.643713,3.902067,4.132974,3.76109,6.628342,5.477303,3.902067,6.411806,7.845252,7.770512,8.137853,5.578529,4.321717,4.132974,9.735098,3.76109,4.405297,5.118839,5.329547,6.198728
Case,5.524551,10.501004,5.254672,10.561368,7.96362,6.828778,4.682378,4.176968,4.62978,5.629332,10.65769,9.859827,8.511928,4.094192,5.114965,4.39304,7.64047,4.78135,4.78135,7.763968,8.439727,6.952913,9.001894,4.732839,4.732839,4.828071,9.85455,3.512043,4.574828,5.287442,5.221086,7.545282
Case,6.353794,11.419115,4.777148,9.443473,6.402054,6.156635,4.122036,6.170667,6.820555,6.482761,9.478814,8.983893,7.558254,5.612507,4.122036,3.802144,7.100947,5.05568,5.116937,6.390141,7.718394,6.069386,8.454869,4.365467,4.469914,4.852615,9.39101,4.737661,4.188193,5.387139,5.411416,5.893899
Case,5.184524,10.386886,5.044243,10.470318,7.010095,5.947119,3.913271,5.044243,5.092669,6.245057,10.28469,10.030582,8.095114,4.036575,4.94169,3.599197,7.53161,4.94169,4.420868,7.022136,8.516219,6.71581,9.087238,4.94169,3.599197,5.044243,10.18408,3.371273,4.33661,4.993971,5.044243,7.045921
Case,4.503734,10.897386,6.15187,12.225157,8.32013,5.383002,3.973149,4.10238,3.973149,5.383002,12.233114,11.271421,10.209406,3.973149,6.629123,4.585509,8.708532,4.928889,6.247234,9.014201,10.672199,7.225998,10.07096,4.585509,4.320927,4.802498,11.70294,3.973149,5.248048,4.802498,4.585509,9.22624
Case,6.009574,11.168695,5.260085,10.163688,6.635423,6.09006,4.447447,5.631619,5.879502,6.762834,9.658229,10.576638,7.746955,5.027452,4.796185,3.829656,6.857175,5.96754,3.944509,6.845716,8.463042,7.521281,8.321804,5.856602,4.845875,4.845875,10.079687,4.634165,5.260085,5.518596,5.295215,6.356682
Case,4.237147,10.431936,6.594673,12.707498,7.912252,6.030856,4.527032,4.527032,4.438243,6.802283,12.536344,11.778592,10.516252,3.411888,6.649471,3.411888,9.402095,5.370546,5.576933,9.862587,10.842026,7.669807,10.255718,5.229845,4.342149,5.229845,11.527055,2.809261,6.030856,4.687112,4.609691,9.799698
Case,4.900846,11.760544,4.979706,10.231734,6.141541,6.267146,4.726939,6.564356,7.089179,6.850681,10.45746,10.3855,9.013094,5.67928,5.19134,2.809261,7.795804,4.900846,4.816857,8.389079,8.745323,5.767703,9.196434,4.524888,4.524888,4.281475,10.181228,5.054076,4.630065,5.67928,5.315836,7.905269
Case,4.153453,10.609196,5.844893,11.397769,7.80567,5.917042,4.003669,4.89746,4.934157,5.96882,11.419358,10.930826,8.544856,3.603635,5.580774,2.809261,8.070466,4.934157,4.696314,8.44911,9.526461,6.812195,9.868954,4.934157,4.401761,4.153453,11.021342,3.603635,5.004583,5.253843,4.969845,8.172129
Case,5.104122,11.130266,5.291277,10.164686,6.569586,5.670308,4.073734,4.28815,4.623467,4.623467,10.078497,9.890685,8.867968,3.389114,4.999656,3.800743,7.264053,5.200961,3.800743,7.556089,8.470549,6.924698,9.14742,4.944132,4.467717,4.761627,10.092213,2.809261,4.381439,5.602394,5.334268,7.337691
Case,4.702196,10.35247,6.326628,12.300729,8.051838,6.430636,4.280478,4.222491,4.388133,6.62805,12.358607,11.552634,10.252677,3.68256,5.989864,4.096206,9.293579,4.85123,6.558457,9.949809,10.189473,7.716836,10.387113,5.294389,4.438389,4.335585,11.013527,3.568373,6.078299,4.85123,4.532874,9.340003
Case,4.865922,11.925308,6.685539,12.307268,6.609509,5.639247,4.131343,6.77174,6.904786,8.340311,12.560073,12.232942,10.6858,5.474535,6.408582,4.229695,9.098471,4.75041,5.758227,10.03885,10.62369,6.799357,10.651311,4.554321,4.403385,4.229695,11.862724,4.623211,6.256917,5.700008,4.481258,9.59282
Case,4.483863,10.683355,6.210117,11.752318,7.381463,5.836149,4.02472,5.111994,5.149712,5.944583,11.756724,11.35808,8.756566,3.923988,6.120905,4.116136,8.421112,5.222097,4.991933,9.006483,9.814433,7.048404,10.30234,4.905313,4.02472,4.419253,11.250752,4.02472,5.256876,5.03318,4.85973,8.58211
Case,4.709463,11.477573,5.442382,10.057525,6.7012,5.098257,3.419945,4.918416,4.981146,7.723661,9.081301,11.275774,8.343899,3.419945,5.605946,4.361157,7.832661,4.918416,4.631329,7.547853,9.229611,6.736276,8.904502,5.352654,3.852061,4.005227,10.731749,2.809261,4.709463,6.089841,5.915786,6.470468
Case,4.67395,11.504223,5.358627,9.775389,5.623255,6.820031,4.67395,5.406431,4.75347,8.771648,9.628867,10.189673,6.492517,4.398651,4.67395,5.582533,7.23563,4.898923,6.095409,6.356276,7.982611,6.919785,7.997866,5.257658,4.398651,4.898923,9.784209,3.688763,4.035196,5.879123,5.775154,6.231835
Case,4.466767,9.732995,4.569124,9.104164,6.261998,5.296226,3.926868,4.569124,5.239154,5.683047,8.584113,8.643817,7.661077,4.354662,4.466767,4.751174,6.261998,4.833143,4.751174,5.403632,8.147313,5.985197,8.248705,5.05173,4.569124,5.724586,9.368227,4.089821,3.926868,5.350989,5.296226,5.550404
Case,5.200341,11.220589,5.975273,11.891148,7.820487,5.788636,3.938238,4.102658,4.585871,5.260279,11.836971,11.429491,9.841005,3.738616,6.315326,3.938238,8.168984,5.200341,3.471993,8.630232,10.69241,6.0098,9.817128,5.372723,5.002464,5.200341,11.772012,4.369738,4.244338,5.372723,5.002464,9.021547
Case,4.629403,11.495907,4.325229,9.456971,5.82276,5.737938,4.027156,6.050191,6.140571,7.001018,8.567996,8.535389,7.935744,5.295042,5.12369,3.904708,6.555184,5.295042,4.756931,6.22552,8.774178,6.073334,7.127013,5.82276,5.028985,5.254207,9.894614,5.295042,4.136108,6.002733,5.583963,5.902732
Case,3.986811,9.848543,5.518687,10.796156,7.402338,5.544936,3.888929,4.233308,4.550686,5.464636,10.754865,10.454402,9.388576,4.233308,5.908822,4.370931,7.814869,4.755058,3.888929,6.971314,10.15366,5.948305,8.875137,4.707036,4.657094,4.433957,11.01607,3.653139,4.370931,4.550686,5.048552,7.788251
Case,4.553354,11.568182,4.628891,10.063381,6.891715,5.834457,4.077747,4.292744,4.892134,5.538141,9.970069,9.541693,8.475218,4.077747,5.382859,4.628891,7.48352,5.059261,3.803963,6.848819,9.477666,6.891715,8.311652,5.500937,4.831271,4.950255,9.74186,4.077747,4.553354,4.831271,5.644094,7.02608
Case,5.134373,11.065497,5.285914,10.355857,5.659732,4.443789,3.842384,5.546059,5.237275,7.252388,9.603329,10.348958,7.814342,4.532821,5.505989,4.242116,7.830295,5.764797,4.532821,7.154274,9.420623,6.711713,8.689018,5.079785,4.900973,3.842384,10.477235,4.242116,4.693318,5.546059,4.693318,6.527474
Case,4.256383,10.937711,5.11871,9.807606,6.451887,6.733004,4.520267,5.354683,4.831481,6.937986,10.105105,9.432373,7.829966,4.632934,4.962385,5.731069,7.434394,5.291368,5.224944,7.338803,8.543942,6.205784,8.605184,4.876608,4.459708,4.784701,10.079219,3.513392,4.736129,5.258565,5.354683,7.211693
Case,4.426878,9.824994,4.721017,9.546795,6.652694,5.196583,4.667586,4.721017,5.334422,5.001549,8.963196,9.088606,7.763446,4.721017,4.868927,4.20688,7.032767,5.083036,5.001549,6.665441,8.566471,5.935482,8.258389,4.491736,4.667586,4.958827,9.803634,3.816072,3.816072,5.159797,5.083036,7.042552
Case,4.233387,10.879938,5.783361,10.373698,7.330461,5.085677,4.304315,4.971359,5.085677,6.19761,10.132844,10.92397,8.98478,4.550778,6.307464,4.434045,7.897045,5.319481,5.738857,7.921745,10.321792,6.811042,8.927428,5.190905,3.986878,4.15752,10.773458,3.77932,5.716061,5.01058,5.048663,7.921745
Case,4.664762,10.946613,6.259861,11.402666,7.077908,5.811375,3.663513,4.625182,4.776464,5.518495,11.374414,11.366832,9.945708,3.761005,6.247801,4.703115,8.491375,5.033866,6.609445,8.341824,10.609587,6.935623,9.280328,5.455939,4.19301,4.584284,10.860395,3.761005,5.223922,4.879095,4.879095,8.458015
Case,4.253154,11.276137,4.392374,9.059078,6.38834,7.028875,4.51656,5.15039,4.780559,6.605995,8.852383,8.90435,7.286068,4.17638,4.51656,5.468046,7.084133,4.827266,4.732063,7.07507,7.850173,6.040294,8.336188,4.51656,4.253154,4.681617,9.626079,3.308406,4.253154,5.220175,5.185737,6.643351
Case,5.308342,10.463765,6.041038,11.652807,7.93221,5.706776,3.788594,4.863432,4.60297,5.706776,11.43346,11.370245,9.274034,4.058585,6.311016,3.381832,8.46277,5.028946,5.768327,9.002305,10.303161,6.159844,9.834977,5.028946,4.363176,4.528286,11.425268,3.613856,5.964636,4.270799,4.803187,8.5515
Case,4.647924,10.739375,6.866543,12.068063,6.927332,4.516096,4.101068,6.21749,5.585779,7.416779,11.946744,12.406443,9.794012,5.522929,7.514931,3.737438,9.249052,5.554711,5.277053,8.955228,11.715974,7.425219,10.091363,4.926934,4.101068,4.367871,12.187725,4.444327,6.094856,4.767001,4.444327,8.214847
Case,4.086957,11.522767,5.560685,11.133278,7.342827,5.785851,4.427087,5.091186,6.046005,6.067433,11.741229,10.944332,8.716469,4.270096,5.811599,4.086957,8.575636,4.628994,4.565386,8.102765,9.808765,6.564578,9.712845,5.291435,4.182451,3.981604,11.466055,3.981604,4.68947,4.802285,4.498246,8.018175
Case,3.332041,11.021491,6.071591,11.418656,7.303162,5.730752,4.151096,4.705584,4.95632,5.567122,11.511243,11.284631,9.911482,4.151096,6.009718,3.544648,8.442614,4.589404,5.651348,8.359188,10.196428,5.678323,10.135672,4.75984,4.705584,4.648861,11.408321,4.057521,5.086338,4.75984,4.589404,8.442614
Case,4.046826,11.292465,5.565828,10.805837,7.444648,5.401175,4.239812,4.947937,5.152229,5.698888,10.933742,10.541679,9.202204,4.403679,5.418559,4.194764,7.942812,4.84577,4.098522,7.444648,9.549823,5.383567,9.601644,4.84577,4.403679,4.972268,10.866786,4.046826,4.147743,4.67532,5.019613,7.983182
Case,3.331225,11.473207,5.20162,10.65643,7.29045,5.504636,4.149118,4.388791,4.458581,5.563738,10.165365,9.965714,8.833998,4.809122,5.647905,4.646294,7.678447,4.859049,4.702956,6.781843,9.81935,5.238833,9.629662,4.998184,4.52446,4.859049,11.254033,4.314498,3.331225,5.378206,4.998184,7.856612
Case,5.741194,11.070167,5.689878,11.287073,7.664442,6.907993,3.831904,4.988594,5.367545,8.148339,11.139317,11.212019,9.241025,4.57869,5.715772,5.073492,8.264927,5.153267,4.748345,7.7158,9.774653,6.828363,10.082554,4.800136,5.153267,4.228091,10.856802,4.228091,4.450847,5.432055,5.334108,8.416093
Case,4.970961,11.140173,5.668841,11.072109,7.09356,6.953409,3.589604,4.749544,5.115334,7.126558,11.042952,10.701732,9.219057,3.900159,5.574602,5.115334,8.403015,5.438023,5.473461,7.96087,9.498028,7.211016,9.624393,4.919072,5.16016,4.31918,10.535021,3.75941,5.068943,5.438023,4.31918,8.226945
Case,5.424921,11.080681,5.322304,9.995914,5.565724,7.096611,3.91193,4.640528,5.211283,6.636364,9.631729,10.190652,8.528164,4.211815,4.808604,4.808604,7.33337,5.152136,4.547077,6.636364,8.70206,5.918452,9.770723,5.025323,4.640528,4.445755,10.169272,3.456066,3.716632,5.322304,5.322304,7.081389
Case,3.813185,12.95606,5.295247,10.19586,7.025028,4.353974,3.526154,4.487218,4.487218,5.360686,9.856926,10.234455,8.520478,3.526154,5.747847,4.909295,6.964907,6.050428,2.809261,8.141468,9.774929,6.363187,8.359012,6.050428,4.353974,4.606973,10.085244,3.813185,3.526154,6.74406,5.747847,7.372025
Case,4.84362,11.082003,6.776878,11.518727,7.849187,5.397395,4.779422,4.84362,5.072582,6.577895,11.877972,12.133731,9.97512,4.086192,7.018464,3.395112,9.159149,4.711794,4.199731,9.167994,11.001005,6.82258,9.850639,4.396444,3.810742,4.640295,11.784741,3.632278,5.267647,5.267647,5.018992,9.581682
Case,4.712767,11.264191,5.202342,9.842322,6.261715,5.708648,5.202342,4.826622,5.319729,6.353983,9.669595,10.027472,7.747562,4.519671,5.02787,3.573099,7.223453,5.16082,4.587484,7.252348,8.893231,5.942218,8.306258,4.770976,5.02787,4.712767,10.406671,4.289108,4.103896,5.559695,5.843187,7.754304
Case,4.405984,11.355265,5.97365,10.251806,6.46594,5.512881,4.923221,4.975181,5.478298,6.32004,10.12936,11.212419,9.114543,4.024794,5.16463,3.902561,8.212894,5.16463,4.13356,8.335864,9.455503,5.871914,9.531546,5.025154,4.232055,4.48396,10.789711,3.591361,4.405984,5.67388,5.442821,8.629205
Case,3.347037,10.477614,5.222418,10.697275,5.918834,5.506242,4.356695,4.695794,5.008889,5.054434,10.166153,10.454501,8.888834,3.730393,5.222418,4.635161,7.719984,5.054434,4.861872,7.263083,9.212538,6.497048,9.126131,4.275254,4.912751,4.187343,10.432041,3.565514,4.961706,4.504061,5.141071,7.272326
Case,3.702361,10.219771,5.374642,10.672859,7.141884,5.530811,4.146946,4.700072,4.950281,5.038198,10.014622,10.4277,8.974103,3.950739,5.439261,4.75421,7.756353,5.374642,4.146946,7.05406,9.233166,7.043962,8.971448,4.855989,4.643477,4.053626,10.534056,3.702361,5.159976,4.053626,4.455994,7.558085
Case,3.746178,10.956105,5.257257,9.99606,6.298411,5.175137,4.00561,4.663729,5.087644,4.458729,9.200846,10.232258,9.097116,3.746178,5.296514,5.132109,7.252522,5.296514,4.381718,8.202076,8.950049,6.747489,9.327715,4.663729,4.299171,4.381718,10.100332,3.35646,4.599172,4.783575,5.334663,6.987631
Case,5.952331,11.217543,5.583591,11.050093,5.86102,5.796665,4.241249,5.133114,5.621452,6.692674,10.937034,10.908266,9.115219,3.413732,5.952331,2.809261,8.544886,5.021632,7.470099,9.4135,10.119887,6.065532,9.028179,5.583591,3.993534,4.765267,10.843078,3.413732,6.144844,4.765267,5.331537,8.337693
Case,5.519815,11.679232,7.670836,13.189657,5.391674,5.09218,3.66403,5.199593,5.035029,7.940261,13.294502,13.199404,10.904263,4.001619,8.134979,4.13363,10.517246,4.975285,8.737526,11.443032,12.531791,7.774734,11.07662,5.346144,3.418027,3.418027,13.119728,4.13363,6.891625,4.975285,4.001619,10.480625
Case,5.613571,10.430391,4.604253,10.176257,6.449611,5.263617,3.581018,4.789052,5.138253,6.755571,9.000099,9.478489,7.748791,3.358188,5.093709,3.358188,7.44256,4.89875,3.358188,7.097021,8.795183,5.414496,7.848686,4.950283,4.386297,4.604253,10.191543,3.581018,4.214187,4.730439,5.613571,6.960511
Case,4.994184,11.777845,7.489235,12.621114,5.139611,4.573307,4.830546,5.092889,5.726743,9.916538,13.342002,13.147752,10.755976,4.146409,8.446948,4.036709,9.924558,5.228417,7.861281,11.169673,12.567833,8.943424,10.744243,4.771016,3.771065,3.913393,12.593714,4.146409,8.037407,5.228417,4.9419,9.877408
Case,3.69677,11.615918,5.472184,9.980634,5.866458,4.511862,4.182354,5.222588,5.965873,6.698723,9.854066,10.821502,8.425089,4.182354,6.028447,3.441691,7.298425,5.721877,4.915675,8.925113,9.996185,6.975645,8.862845,5.276316,4.412211,4.046051,10.19626,3.888139,6.379019,5.276316,5.517062,7.613221
Case,6.397303,9.412405,6.03653,11.454352,7.041521,6.655588,3.888339,5.483951,5.449589,5.517474,11.160217,10.777739,9.301722,4.386191,5.990115,3.749004,8.344357,5.731796,4.303448,8.195563,10.250908,7.221473,9.412405,4.898619,4.303448,4.898619,11.441093,4.303448,4.214092,5.181214,4.463381,9.116601
Case,7.117865,9.176493,6.340239,11.75999,6.533285,6.626463,3.949341,4.786836,5.22057,5.641321,11.468046,11.572186,9.929408,4.498301,6.353956,3.7479,8.471682,4.869909,4.035714,9.018733,10.451193,7.276752,10.141513,5.189395,4.551368,4.498301,11.583427,4.035714,4.909511,4.985261,4.323016,9.420874
Case,6.528798,9.040119,6.018257,11.92619,7.009849,6.590968,3.880262,5.467448,5.626898,5.433215,11.592016,11.395982,10.14337,5.032769,6.360363,3.741895,8.322647,5.122999,4.107086,8.228491,10.491167,7.4468,9.916193,4.985227,4.523703,5.122999,11.759113,3.741895,4.985227,5.078653,4.655989,9.441443
Case,4.64106,11.493469,7.084597,12.305973,5.82839,4.64106,3.870888,5.749439,5.927176,6.928301,12.295757,12.322281,11.364733,4.815212,7.281937,3.870888,9.100319,5.148111,7.901491,9.88856,11.588127,8.06023,10.562827,4.868313,4.192025,3.989933,12.363077,4.095949,6.226808,4.919308,3.870888,9.48905
Case,4.335877,10.697684,7.122593,12.656972,7.62303,5.013339,3.800827,4.641744,4.745317,7.225998,12.719812,12.251534,11.38343,5.235717,7.484059,3.672068,9.039303,4.794063,5.899225,9.165802,11.783602,6.931743,10.459149,4.694607,4.586509,4.97235,12.78426,3.91272,5.567332,4.335877,4.012539,9.930079
Case,3.768999,11.226648,7.800695,12.360081,6.520233,4.569804,3.911048,5.459744,5.459744,5.992364,12.545716,12.87662,12.085642,4.767216,7.356603,3.911048,9.095514,4.639171,3.768999,9.712254,11.697418,6.9679,10.878495,4.767216,4.03413,4.417781,12.459046,4.242766,5.346984,4.333656,4.242766,9.827452
Case,4.25836,10.722509,7.960169,11.85169,6.226014,3.949595,4.115476,5.447538,5.0917,7.477632,12.331258,13.360419,11.306996,4.115476,8.104241,5.281304,9.140284,6.394903,7.739025,10.088191,12.504235,9.034276,11.022459,6.447017,3.748113,4.25836,12.884879,4.115476,8.515412,4.498657,4.115476,9.23903
Case,3.941895,10.326795,7.363436,11.929786,7.758717,4.044072,3.941895,5.571067,5.357904,8.359749,12.306973,12.791483,10.737397,4.509267,8.102342,4.630257,9.373326,5.626365,7.846917,10.135948,12.114787,8.50771,10.978186,5.940483,3.69531,3.941895,12.661241,3.941895,7.387183,4.686539,3.827285,9.325047
Case,3.889933,9.996873,5.930928,11.262377,6.823938,5.493976,4.30557,3.889933,4.158668,5.694891,11.208636,11.202595,9.550418,2.809261,5.7854,4.076864,8.742817,4.973031,8.005186,8.42068,10.357397,6.080655,10.191422,5.493976,3.987897,3.780174,11.296809,3.301539,5.520748,4.372317,4.606599,8.66292
Case,4.298529,9.62105,5.675832,10.693609,6.764532,6.29728,4.683746,4.042102,3.439584,5.989662,10.601941,11.031957,9.504371,2.809261,5.465073,4.042102,8.295947,4.683746,7.101881,7.944131,9.679622,5.989662,9.844428,5.636171,4.598426,3.693856,10.860073,2.809261,5.553273,4.042102,5.215901,8.283406
Case,4.322376,9.912094,6.066439,11.29842,6.379875,5.684893,4.035181,3.948841,4.114625,5.497272,11.011374,11.070757,9.684734,3.625258,6.268484,3.853839,8.442015,4.984412,5.188493,8.157706,10.696696,5.123893,9.813389,5.337587,3.625258,3.747482,11.560999,3.28453,4.742392,4.497601,5.392915,9.112546
Case,4.455424,9.296023,5.472737,10.661104,7.038909,6.453265,4.207151,5.367224,5.170817,5.72,10.083241,10.842076,9.54199,4.527584,5.63237,3.744171,7.634305,4.660103,4.0031,7.670773,9.693073,6.311776,9.199589,4.455424,4.779773,4.527584,10.770878,3.882848,4.721367,4.660103,4.660103,7.604451
Case,4.490664,10.917879,5.572683,11.083662,6.140713,4.392028,4.392028,4.957537,5.299832,6.140713,11.415027,10.94638,9.656882,3.873857,6.271883,3.684856,7.907432,5.081694,6.459403,8.380764,10.521737,7.427325,9.524943,5.965335,4.490664,4.164646,11.593404,4.490664,5.728547,4.745704,4.284149,8.52333
Case,5.052493,10.943579,6.234755,11.887098,7.202494,4.810281,3.97813,4.810281,5.475511,7.03846,12.301265,11.660112,10.304908,4.327181,6.853216,3.646759,8.525677,4.875214,5.829832,8.972055,10.971773,7.249414,10.226634,5.829832,4.223051,4.223051,11.94068,3.97813,5.732688,4.669492,4.327181,8.958027
Case,5.214208,10.456523,6.061558,10.997017,7.547449,5.065614,4.194972,4.83716,5.065614,6.3584,11.444527,11.267965,10.265241,3.807194,6.56871,2.809261,8.402606,4.773114,4.634329,8.566557,10.491915,6.751965,10.306905,5.469761,4.297352,4.194972,11.457117,3.807194,5.469761,4.391123,3.954387,8.82527
Case,4.785681,10.342275,5.308629,10.196598,6.382704,5.864225,4.337745,5.029211,4.673581,5.378859,10.154727,10.49102,9.456485,4.170171,5.570193,4.412986,7.465837,4.888663,4.483643,7.450073,9.375467,6.086674,8.990966,5.072898,4.337745,4.613502,10.313206,3.555619,4.613502,4.412986,4.673581,7.736575
Case,3.75999,10.50898,5.700274,10.742153,7.212676,5.439339,4.131492,4.131492,4.55451,5.758495,10.730588,10.777166,9.724541,3.75999,5.841512,4.320056,7.589367,5.204772,4.229854,8.107292,9.88883,6.195875,9.268377,4.920211,4.320056,4.40356,10.684302,2.809261,4.972119,4.688635,4.55451,8.197991
Case,4.683996,10.475382,5.716536,10.533264,7.487937,5.769768,4.320273,4.515961,4.470025,5.603541,10.502683,10.625445,9.704557,4.082983,5.679883,4.422228,7.709686,4.89996,4.208147,7.603079,9.575812,6.288038,9.174753,4.866413,4.796566,4.683996,10.855122,3.424714,4.89996,4.683996,4.995686,8.007298
Case,3.460171,10.918377,5.707638,10.460007,6.75341,5.57952,4.22021,5.102495,5.707638,5.623555,10.506804,11.360307,8.724969,2.809261,5.623555,3.460171,7.722094,5.623555,4.455305,7.640408,9.28409,5.534037,9.211777,4.896418,4.080612,4.557098,9.952172,2.809261,4.343841,4.650969,4.896418,7.496906
Case,4.127877,11.242841,5.617555,10.748761,6.729358,5.040825,3.757308,4.618705,5.240991,6.663603,10.488591,10.437283,8.736258,4.618705,5.950754,5.874598,7.866776,5.708607,2.809261,7.504566,9.726068,6.594675,8.585306,5.177547,4.514049,4.88824,10.845409,3.960586,4.966762,5.834911,4.966762,7.691565
Case,3.455918,10.938762,4.640151,9.29848,6.918974,5.210826,4.546715,4.884538,5.210826,4.956603,8.598546,8.750218,7.974576,4.072669,4.726991,4.072669,6.527376,5.424439,4.211513,5.917921,8.348881,6.434298,8.166672,4.884538,4.640151,4.640151,9.674698,3.911686,3.911686,5.692975,5.424439,6.410046
Case,2.809261,11.303328,6.638209,11.657505,5.608415,5.079241,3.613636,4.058256,3.381674,4.270422,11.43324,11.441382,10.008723,3.381674,6.621843,4.802703,7.814406,5.574239,4.169635,8.14607,10.970268,6.112854,9.865642,5.38935,4.672887,5.028423,11.416225,3.613636,3.932988,5.539197,4.802703,9.222841
Case,4.707874,11.259303,5.702184,10.663999,7.513316,5.0224,4.196695,4.646943,4.765971,7.205986,10.777631,10.465112,8.847919,4.367011,5.644579,4.443433,7.786155,6.093437,3.57091,7.513316,9.713742,6.913826,8.770751,4.582842,3.993998,4.367011,11.151844,4.100335,5.489121,5.489121,5.068138,7.619946
Case,4.641676,11.60003,4.641676,9.279981,7.427263,6.201763,4.335819,4.694538,4.886213,5.877869,9.637382,9.527241,8.055534,4.641676,4.972273,4.012492,7.298832,4.467785,4.840932,7.234179,8.361591,5.981094,8.976457,5.766437,4.745247,5.129087,9.705903,4.335819,3.912676,5.269351,5.695044,7.250617
Case,4.935639,11.250168,5.828105,10.855226,6.724101,5.589976,4.106916,4.994617,5.473901,6.773118,10.925278,11.02184,10.311007,4.106916,5.976347,3.97728,7.630102,5.105172,5.796478,8.58864,9.88467,6.773118,9.755006,4.222046,4.42138,4.42138,10.979141,3.827389,5.796478,5.589976,5.105172,8.21147
Case,3.901346,11.609399,4.62422,10.806875,6.278295,4.62422,4.132119,6.132964,5.328146,6.672231,9.682269,9.277171,8.119654,5.701389,5.288572,4.023457,7.963977,4.810563,3.760455,7.23437,9.143863,6.197082,7.830075,4.230521,4.810563,4.132119,10.479904,4.921123,3.901346,5.403995,5.577047,7.224224
Case,4.672832,12.115762,4.496588,8.992585,5.984694,4.874593,4.616869,5.524856,5.581071,6.759729,8.395415,9.012712,7.396127,4.289466,4.920414,4.362731,6.991079,4.964669,4.034409,6.896464,8.612116,6.896464,8.473748,4.82708,4.558225,4.431578,9.848153,4.431578,4.289466,5.899664,5.608343,6.759729
Case,4.975105,11.741826,5.250037,10.518834,6.704685,4.975105,4.483897,5.733294,6.021788,5.643053,9.764607,10.196961,8.98517,5.119667,5.579457,4.133509,7.461575,5.250037,3.761487,7.973116,9.426909,7.325567,8.667051,4.405924,4.691328,4.557052,11.103025,4.322316,5.290827,5.512793,4.753374,7.154055
Case,5.49439,11.487984,5.056789,10.75863,6.001583,4.853652,4.220564,6.070766,6.025023,5.9535,10.057458,10.396295,8.76134,4.676966,5.56079,5.103011,7.893778,5.388352,4.959176,8.472044,9.584843,7.480949,8.893092,4.797454,4.797454,4.738654,11.169241,4.122761,5.770917,5.312789,4.612051,6.861338
Case,5.538639,11.548661,5.036089,10.119266,6.314011,4.714914,4.547548,5.770284,6.345893,5.359327,9.251219,9.930014,8.542728,4.547548,5.29391,4.353035,7.430625,5.746371,3.525687,8.14415,8.884574,7.467104,8.596342,4.714914,4.766035,4.908103,10.625528,4.353035,5.646391,5.359327,4.547548,6.407589
Case,4.25455,11.051431,6.717894,12.206515,7.824701,5.582924,4.154708,4.430755,5.152412,7.121291,12.678902,11.882404,10.123649,4.719604,7.417475,4.583754,9.36222,4.953944,4.583754,9.371763,11.549777,6.914217,10.982258,4.78235,4.583754,5.241538,12.561599,4.154708,5.006435,5.325129,5.325129,10.092247
Case,4.229223,10.430238,5.979545,11.685659,8.450444,5.881603,4.545861,4.749801,4.88356,7.198829,12.12324,11.147904,9.180819,4.600106,6.509835,4.229223,8.964148,4.489057,4.153547,9.112149,10.614519,6.66975,10.285629,4.366516,4.652041,5.042735,11.696003,4.229223,4.88356,4.795967,4.652041,9.05786
Case,4.196823,10.754261,5.068325,9.750955,6.548376,6.209743,4.042772,4.611905,5.102837,6.269644,10.073952,9.988174,8.04576,4.611905,4.920442,4.660906,7.369569,4.95901,4.507562,7.754831,8.870633,6.48679,9.182079,4.660906,4.611905,5.378947,10.268429,4.042772,3.753431,5.560595,5.406418,7.572108
Case,4.057564,11.683997,4.671922,9.86224,6.134817,5.30659,4.057564,5.078127,4.919415,7.150648,8.656823,9.424782,7.669661,4.8619,5.30659,4.361944,6.903168,6.58707,3.787775,6.518042,8.840281,6.388563,7.701003,4.8619,4.8619,3.613175,10.355818,4.168889,4.526948,5.881871,5.537944,6.715856
Case,4.882586,11.889062,5.081951,10.247623,6.933178,6.481004,4.579796,4.646519,4.311613,6.301246,10.259291,9.378263,7.642258,4.472261,5.656891,4.579796,7.45816,5.104873,4.174026,6.497791,9.469914,6.212289,7.905848,5.0107,4.77006,4.472261,10.384014,3.827236,3.754404,5.513358,5.546568,7.690285
Case,4.548742,11.810684,5.431634,10.68015,7.547538,6.381748,3.756598,4.31493,4.3982,6.748654,10.752664,9.860587,8.62954,3.896965,5.750267,4.475867,7.82532,5.109459,3.587268,7.757256,9.875098,6.287739,8.551365,5.395308,4.31493,4.617459,10.853807,3.896965,4.018636,5.535169,5.280129,8.494005
Case,4.940872,10.511131,4.184012,9.007803,5.963515,5.372253,3.622535,4.285704,4.620579,5.527154,8.880548,8.413272,7.25932,3.945128,4.545315,4.882934,6.806333,5.197437,4.285704,6.041632,7.801282,6.493259,7.717453,4.184012,4.378865,4.545315,9.535981,3.945128,3.622535,5.527154,5.287668,6.041632
Case,4.388075,10.311358,4.862824,10.418502,6.214302,5.437322,4.073541,4.280422,4.517576,5.539059,10.492395,9.680467,7.690741,3.431391,5.134361,4.317458,7.013971,5.096063,4.766371,7.366927,8.771699,6.068646,8.363531,4.839385,4.388075,4.741067,10.038629,3.812734,4.242108,5.406812,4.908456,7.401284
Case,5.073524,10.385292,5.790726,11.964192,7.530477,5.383137,4.054707,4.266356,4.734384,6.494243,12.117454,11.07891,8.967643,3.785485,6.152026,4.797492,8.329482,5.122379,4.734384,8.850945,10.310253,6.769972,9.217026,4.97003,4.797492,4.165811,11.177725,3.785485,4.91504,5.383137,5.169503,8.727754
Case,3.991329,12.022952,5.372867,10.096363,6.309507,5.856566,3.991329,5.724851,5.41673,6.52098,10.104536,10.205244,8.614608,4.896287,5.654013,4.238644,7.314884,5.540471,4.528776,7.892843,9.588927,6.52098,8.807206,5.372867,4.439914,3.656461,10.567573,4.122338,5.579364,6.263159,5.232084,7.646202
Case,4.209972,11.016758,5.454519,10.736444,7.463019,6.3935,4.523114,4.898784,5.25273,6.632814,11.673126,10.535104,9.278638,4.46691,5.827929,4.770729,8.592879,3.87068,4.725005,8.827774,9.728067,6.088702,9.537832,5.606573,4.725005,4.576798,10.731065,3.762732,4.40789,4.725005,4.279911,8.413027
Case,5.103137,11.189433,5.922742,11.042332,7.781024,6.14757,4.266415,4.88097,5.103137,7.718387,11.622858,10.864132,10.098145,4.708301,6.422807,4.197026,8.789702,4.797568,5.608716,8.476436,10.323327,6.982206,10.175883,5.9779,4.612157,4.507802,11.410454,4.197026,5.201616,4.99676,4.452003,9.313545
Case,4.475186,11.051489,5.426704,10.05545,6.650514,5.6476,4.079669,5.062296,5.681213,6.472606,9.75032,10.362841,9.308484,3.627922,5.301297,4.079669,7.695942,5.163074,5.746095,8.512122,9.339793,6.581989,9.365375,4.702723,4.38859,4.38859,10.301883,3.952473,4.895008,5.210745,5.062296,7.863436
Case,4.754985,11.658758,5.43522,10.46001,6.437739,5.586628,3.631195,5.264947,5.656527,6.437739,10.566132,10.572789,9.589569,3.956933,5.487563,4.267415,7.772783,5.43522,6.180955,8.755819,9.602641,6.863408,9.287137,4.88229,4.332737,4.267415,10.623545,4.197984,5.562521,5.886419,5.264947,7.947017
Case,5.113611,12.178479,6.409617,12.489004,6.743557,4.352031,3.781189,6.163751,5.412623,7.856912,11.90414,11.710589,9.628165,5.625273,7.602507,4.436988,9.416643,5.592032,7.198882,9.913238,11.833206,7.697515,9.999572,4.436988,4.160034,3.924886,12.136404,5.113611,6.229325,6.09499,4.660451,9.074573
Case,4.323801,12.099024,4.323801,10.674925,5.62299,4.870909,4.104894,6.275086,5.915112,7.364621,8.791129,8.871529,7.800253,5.658642,5.153949,4.219869,7.53439,5.548809,3.975438,6.598582,8.9406,6.543259,7.447014,4.588785,5.429466,3.644781,10.073623,5.101997,3.404131,6.505148,5.6934,6.31978
Case,5.141187,10.809887,5.22612,9.523754,5.647439,5.381441,4.118633,4.118633,3.750453,6.10716,9.306223,9.313249,7.264927,3.582165,4.60668,4.388484,6.878329,5.735326,5.184327,5.896053,8.344196,6.503659,7.890918,4.538287,4.791667,4.847745,9.802024,3.359014,3.750453,5.677356,6.191721,6.150072
Case,4.76065,10.710045,6.18889,11.783294,8.464003,6.002114,3.679681,4.856896,5.287552,5.665148,11.662873,11.419591,10.24036,4.114169,6.353877,4.022875,8.280875,4.988969,5.809807,8.695224,10.224591,6.74625,9.794281,5.287552,4.198059,4.348573,11.262704,3.922281,5.070134,4.656448,4.902433,8.654993
Case,4.246841,11.400063,4.709945,10.129579,5.974617,5.272394,4.246841,4.147461,4.147461,6.846031,9.517172,9.569346,8.164421,3.371805,5.046038,4.246841,7.106205,5.923556,4.037684,7.465246,9.034582,6.544709,9.019657,5.046038,4.772452,4.772452,9.863177,3.91428,4.147461,6.094713,5.230081,7.355241
Case,4.157608,12.113348,4.513233,9.386185,5.610114,6.07473,3.829825,5.141411,5.674743,6.963191,8.299848,8.750606,7.153545,4.657306,4.349314,5.674743,6.641176,6.026444,4.513233,6.360338,8.192089,6.448118,7.991002,5.077674,4.7018,5.54232,9.833961,4.786306,3.462666,5.610114,5.010711,6.238876
Case,4.182638,12.467438,5.147866,9.749232,4.994354,6.395404,4.543648,5.524874,6.064227,7.2885,9.906735,9.686682,8.553054,4.689712,4.75675,5.696743,7.2885,5.195334,5.047532,7.060269,8.702834,6.663839,8.330689,4.820401,4.543648,4.377329,9.417309,4.543648,4.618856,6.453287,5.285513,6.930921
Case,4.32755,11.498341,4.402376,9.047238,5.918012,4.970622,3.550305,5.329354,5.798789,6.853894,8.50619,9.044658,7.430635,4.773178,4.247407,4.538982,6.999999,5.82346,4.402376,6.677852,8.009442,5.695502,8.160148,4.82546,4.402376,5.015616,9.397926,4.472654,4.32755,5.871533,5.524567,6.461549
Case,4.782054,11.430612,6.163427,11.75905,5.532827,3.703182,4.615695,5.23727,5.618707,7.633177,11.162496,11.44865,8.997829,4.523248,6.163427,5.122431,8.051292,7.158493,8.25538,8.693377,10.521395,8.235559,9.281646,4.191873,3.703182,4.615695,11.31973,4.782054,7.391622,5.618707,6.810041,8.428311
Case,2.809261,10.973126,4.091338,8.300327,5.889557,5.86008,3.814874,5.634242,6.357001,4.718945,8.065773,8.794791,8.158261,4.851138,4.571105,4.308297,6.920828,4.091338,4.091338,6.588568,8.146267,5.320949,8.534561,4.786764,4.40264,5.524953,8.525332,4.851138,2.809261,5.86008,5.406238,6.552493
Case,5.629458,10.993286,5.916747,11.326102,6.68071,5.266444,4.034237,5.722022,5.530265,6.618751,11.138361,11.381108,9.725372,4.883624,6.486133,3.769085,8.06665,5.423372,6.851941,8.349045,10.619175,6.5034,9.34225,4.990245,4.417915,5.307409,11.295639,4.034237,5.597178,4.990245,5.040458,8.734314
Case,4.512268,10.937151,4.656277,9.313304,5.966484,5.683845,4.586404,5.155658,5.619732,5.368499,8.030191,8.86189,7.765241,3.92217,4.956998,3.92217,6.440476,5.517625,4.046361,6.612795,8.46997,7.091216,8.123881,5.009541,4.25679,4.156815,9.933703,3.778796,3.605711,5.914335,5.552506,6.30611
Case,4.489559,11.197445,4.680019,9.445727,6.579952,5.420773,3.975249,4.792409,4.418698,5.242319,9.264848,9.264848,8.353373,4.556424,4.944318,5.122694,6.929272,4.895646,4.680019,6.375439,8.74992,5.352178,8.152274,4.556424,4.680019,5.203618,9.542412,4.418698,3.558483,5.122694,5.486091,6.457607
Case,4.276122,11.279614,5.587152,10.987893,7.137724,5.559999,3.523599,5.690734,5.665554,5.445696,11.007077,10.447981,10.101596,5.320977,5.787131,3.679838,7.715705,5.109274,5.254045,7.444691,9.949961,7.283203,8.464519,5.030524,4.601163,4.023088,10.95258,4.542922,4.542922,5.070485,5.070485,8.167134
Case,3.778011,12.080016,5.007984,10.763788,6.28381,4.783783,3.921279,5.326823,6.014819,5.550712,9.673672,10.332248,8.948473,4.955467,5.550712,4.347243,7.263856,5.405595,3.921279,7.874851,9.677531,6.876495,8.753829,5.285656,4.510984,4.255667,10.544684,4.654908,4.431984,5.712972,5.830396,7.134771
Case,4.735786,10.950067,4.505104,8.919459,6.316946,5.467954,4.417238,4.103471,4.505104,5.427033,7.674566,8.20367,7.453869,3.64383,4.735786,4.586931,6.749783,5.099764,3.974143,5.912437,8.381207,5.427033,7.966761,5.467954,5.099764,5.38485,9.771053,3.824621,3.64383,5.467954,5.620453,6.129112
Case,4.779256,11.755358,4.720862,9.630715,6.945796,5.774824,4.595165,5.211861,5.402685,6.596507,9.716798,9.389933,8.123367,4.835076,5.127262,4.595165,7.302777,4.835076,4.002759,6.909579,8.821934,5.904616,8.745476,4.65961,4.779256,4.595165,9.816021,4.527119,3.355099,5.366606,5.505539,7.038126
Case,4.041031,10.435659,4.894065,9.457896,6.534985,5.472219,4.426493,5.05145,5.76459,5.79358,7.655129,9.265179,7.745573,4.837053,4.948664,4.648826,6.649188,5.673815,4.341991,6.254269,8.307074,5.930157,7.802859,5.001064,4.948664,4.714754,9.740178,4.648826,3.373409,5.472219,6.334707,6.37328
Case,3.691265,11.245901,5.817252,11.081119,6.861546,4.904162,4.29439,4.29439,5.095974,5.588829,11.017657,10.823713,9.498508,4.59362,5.817252,4.904162,7.739887,5.314997,3.437709,7.544644,9.952573,6.455732,8.600558,4.59362,4.59362,4.59362,10.747522,3.88154,4.678763,5.707723,6.185793,8.108382
Case,4.826139,11.389174,6.534485,12.284304,7.44248,5.552095,3.896021,4.210334,4.495767,8.39264,13.026462,11.381787,10.861286,4.033784,7.91125,4.653578,9.276656,4.978101,4.263214,8.58174,12.105362,6.0241,10.172297,5.18963,4.495767,5.034241,12.384282,4.210334,4.154733,5.475056,5.213855,10.007611
Case,4.899564,10.736466,5.355122,11.015435,7.004124,5.435477,3.943333,4.029301,3.742876,6.380782,10.571942,9.790283,8.096412,3.742876,6.087506,4.10841,7.111358,5.583304,4.25063,6.284882,10.157709,6.419981,8.667882,4.733811,5.382436,4.81938,10.677449,3.848752,4.181887,5.011229,5.327248,7.809064
Case,4.528096,11.227494,5.482315,11.433413,7.540804,5.178126,4.353626,4.60658,5.02325,6.276896,11.468597,10.135258,9.4662,4.715613,6.423629,4.255324,7.667492,5.27222,4.680324,7.416883,10.452545,6.510548,9.302351,4.305553,4.878608,4.20269,11.338886,3.812948,4.20269,4.847635,4.967306,8.587605
Case,3.904648,12.339447,5.254092,10.994983,6.373981,4.872626,3.665643,4.827562,4.39262,6.183544,9.780513,9.890266,8.006314,4.78085,6.373981,4.958285,7.845322,6.727325,3.904648,7.627352,10.313839,8.102959,8.51781,4.09384,5.038658,4.916164,10.612236,3.904648,5.286857,5.7261,6.113922,7.544501
Case,4.61854,11.487145,5.036431,10.476932,7.072361,5.412877,4.68006,4.79362,4.738288,5.852916,9.679328,10.239,8.495162,3.885288,4.022931,4.738288,7.316274,5.412877,4.408513,6.871741,8.57347,6.256804,9.00701,4.553233,4.991682,4.68006,9.395775,3.703829,4.237674,5.161623,6.30841,7.185928
Case,4.978747,11.80586,4.786026,9.958388,6.581888,5.091817,4.462776,5.144669,4.786026,6.262036,8.881429,9.50307,7.489581,3.762762,3.96755,5.195368,6.984094,5.78438,4.462776,6.349075,8.267158,6.349075,8.453024,4.853875,4.978747,4.713849,9.242399,3.259884,4.362986,5.422351,6.169217,6.39065
Case,5.246964,11.481838,4.509227,10.650438,6.397739,5.246964,4.441613,5.468033,5.552401,7.222436,10.161468,10.280531,9.024934,4.441613,3.863004,4.203547,7.363545,5.139106,4.978933,7.429209,8.817799,6.5901,8.707758,5.844974,5.06164,3.863004,9.492981,4.106835,4.368942,5.468033,5.70661,7.111109
Case,5.762483,11.745362,4.607224,10.614818,6.548565,5.428581,4.542394,5.63334,5.762483,7.768775,9.742929,10.01873,8.24135,4.668304,3.87979,4.977827,6.905261,5.762483,5.106624,7.020157,8.642675,6.916097,8.4261,5.737624,4.726123,4.22926,9.310679,4.473183,4.833476,5.259831,5.7123,6.589913
Case,3.90869,12.264737,5.264668,10.488498,6.85663,5.906599,4.666531,5.264668,5.096243,7.555416,9.36271,10.453451,7.990027,4.365861,4.170018,4.952894,7.008731,7.052445,5.264668,7.07381,8.96493,7.671769,8.044946,5.977662,5.096243,4.170018,9.908122,4.365861,5.096243,5.696761,5.514724,6.570318
Case,4.358507,12.298697,5.731474,11.050544,7.14606,5.810892,4.689395,5.015698,4.942274,7.596483,10.538337,11.450863,9.088216,4.590498,4.358507,4.822808,7.917187,6.830276,4.822808,8.112378,10.008871,7.373078,8.50298,6.460386,4.822808,4.780073,10.194348,4.590498,4.689395,5.867553,5.731474,8.042247
Case,4.778399,11.840763,6.457598,13.271552,10.495058,5.143539,3.878619,5.853637,5.708474,7.185395,12.665052,12.688311,10.707543,4.778399,4.604812,4.723529,9.206072,5.758607,6.900542,9.937661,11.542422,8.591267,10.882493,4.974872,4.316053,4.014853,11.579161,4.604812,6.612268,4.778399,5.456292,9.792398
Case,4.506021,12.043678,5.153203,11.612688,8.393512,5.284556,4.28742,5.742959,5.632801,6.124989,11.156114,10.78604,9.185369,5.357323,4.553797,4.553797,7.710181,5.828364,5.180591,8.095383,10.224195,7.163108,9.199433,4.8745,5.006354,4.506021,10.38321,5.180591,5.309272,5.153203,5.794843,8.360495
Case,5.012284,11.420504,4.880067,10.542184,6.624389,5.659252,4.157588,4.880067,5.043179,6.506532,9.472403,9.876815,8.817352,4.407134,4.350976,4.844555,7.643782,5.885037,4.648107,7.066241,9.401987,7.052359,8.823466,5.477263,5.213844,4.648107,9.642237,4.407134,4.407134,5.159516,5.43318,7.185457
Case,4.909068,11.335913,5.357565,10.486593,7.856003,5.613792,3.994069,5.067435,5.153428,6.22817,9.47888,9.880116,8.8475,4.287553,4.223615,4.456017,7.349409,6.056887,5.006565,6.97909,9.407966,7.201378,8.696946,5.594237,4.974942,4.874698,9.645691,4.154409,3.994069,5.259587,5.180818,6.97909
Case,4.435204,11.278597,4.605554,10.616184,8.098394,5.796229,4.102123,5.825858,5.991297,6.20733,9.747847,9.7422,8.184283,5.293067,3.750715,4.523949,7.075807,6.20733,4.435204,7.063723,8.927539,7.730634,8.291369,5.495424,4.818707,5.052484,9.666701,4.998197,5.56836,5.154333,5.825858,6.812233
Case,4.203054,11.441756,5.246032,11.453806,8.52282,5.681039,4.571925,5.98436,5.827319,6.313113,10.997641,11.232594,8.595861,5.369092,4.405381,5.109739,7.644171,6.495934,4.492121,8.268542,10.000585,7.761867,9.193043,5.481464,4.715354,4.492121,10.125008,4.956513,5.908087,5.481464,5.617776,7.775924
Case,5.057236,12.665681,5.403598,12.218288,8.857376,4.812096,4.250082,5.057236,4.756204,6.992115,11.24903,11.736308,9.631719,4.148898,5.334358,5.856221,8.493914,5.648943,5.648943,8.591973,10.670261,6.833901,9.294835,5.531948,5.261185,4.148898,11.141059,4.032757,4.812096,5.183548,5.057236,8.851523
Case,4.909827,12.664164,5.326631,12.725301,8.809864,4.909827,4.909827,5.005276,4.750231,7.054218,11.830128,12.232805,10.321617,4.145155,5.395687,5.612189,8.924842,5.640423,6.166751,9.337642,11.101377,7.09426,9.893729,5.492854,4.859045,5.135667,11.549404,4.145155,5.461259,5.36162,5.005276,9.172965
Case,4.678032,13.078681,6.049405,12.160851,9.160063,4.678032,4.282017,6.491668,6.121831,8.524085,11.017287,12.720241,10.105696,6.491668,5.266662,7.116906,8.152354,6.464309,5.331731,8.702586,11.51663,7.470693,10.118765,6.349224,5.19809,4.282017,11.028871,6.318917,6.596091,5.665887,4.877993,8.759346
Case,3.870918,12.729192,5.370085,10.909695,7.566831,5.161055,4.117793,6.568864,5.978448,7.441789,9.744822,11.337774,9.17711,6.457471,4.706453,6.621431,7.512597,5.657625,5.161055,7.980211,10.14891,6.428191,9.232555,6.132894,5.161055,5.370085,10.179612,6.132894,5.492714,5.936978,5.432837,7.441789
Case,4.251682,11.685938,5.174867,12.12098,8.496893,5.890266,4.63736,5.767302,5.435263,6.686719,11.253754,11.244185,9.94977,4.806649,4.37852,5.873364,7.591612,6.107378,4.490177,8.918083,10.030857,7.075085,9.760232,5.31166,4.953963,4.435955,10.412522,4.63736,4.63736,5.481599,5.387226,8.741087
Case,4.041617,11.639897,4.933858,10.845145,7.230333,5.904368,4.159013,5.671899,5.355191,6.202226,9.962866,10.067323,9.310151,4.983106,4.041617,5.554149,7.248749,5.780156,4.261265,7.552635,8.915781,6.585202,8.634547,5.24297,5.28148,4.77233,9.449508,4.650221,3.900722,5.727111,5.996215,7.476645
Case,5.039422,12.775519,6.045571,12.026398,7.58111,4.404552,4.155528,5.098864,4.841139,8.17102,11.523025,12.854869,11.31067,4.687146,5.536236,7.185801,8.693871,6.394748,5.406247,9.552541,11.854386,7.512306,9.698698,4.687146,4.766778,4.155528,11.653373,4.766778,5.691831,5.691831,5.359878,9.0767
Case,7.56381,12.949134,5.126883,11.830121,7.464134,4.162755,5.169405,4.940336,4.989735,9.024833,10.638089,12.061932,9.608481,4.517479,4.989735,6.70757,8.537618,7.094835,7.585861,8.180621,10.259043,9.983313,8.94196,4.989735,5.037184,4.162755,10.904094,4.265402,7.533871,5.56234,6.132842,7.165019
Case,5.849248,11.876275,6.021367,12.711421,8.802549,5.058713,4.394387,5.058713,4.602146,6.376394,12.170841,11.964131,10.254542,4.126661,4.602146,4.468552,8.698075,5.959321,4.720662,9.558231,10.930099,6.60723,9.372926,5.178763,4.827682,4.126661,11.279374,4.225487,4.971605,4.720662,4.663027,9.245311
Case,5.855694,11.877353,6.073597,12.86167,8.835656,4.83944,4.451451,5.178536,4.62386,6.677907,12.332207,12.426735,10.836366,4.451451,5.02084,4.114071,8.90669,5.884898,4.241632,9.923267,10.875832,6.36776,9.781209,5.07568,5.02084,4.451451,11.46828,4.114071,5.362042,4.700484,5.404096,9.420214
Case,4.783102,12.316368,5.332584,11.25026,7.992232,6.465424,5.126354,6.437518,6.350318,6.465424,10.377598,10.333395,9.038266,5.7152,4.783102,4.432975,7.589655,6.911941,4.783102,8.531938,9.557042,7.343686,8.668747,5.850724,4.678663,4.563108,10.104868,5.267495,4.678663,5.666832,5.666832,7.755507
Case,4.754515,12.285316,4.951267,11.243982,8.16519,6.343782,4.754515,6.211225,6.110326,6.225061,10.580077,10.334683,9.038725,5.792282,4.460135,4.754515,7.657944,6.917811,4.710732,8.179252,9.753259,7.254235,8.500849,5.792282,5.021591,4.199921,10.06458,5.401361,4.27239,5.754066,5.401361,7.915023
Case,5.015002,12.516563,6.898184,13.857228,7.346262,4.934006,4.082897,5.090911,4.753026,7.742156,14.081155,13.560262,11.84485,4.409028,6.270945,6.732993,9.60086,5.806121,6.974106,11.209694,11.998426,7.494995,11.739332,4.082897,4.26136,3.845732,12.363637,4.082897,5.469606,5.015002,4.536809,10.72091
Case,4.561013,12.715299,7.216847,14.040704,7.236995,4.887578,4.194967,4.995881,4.70342,7.872888,14.003486,13.480077,11.684888,4.481797,6.558151,6.49217,9.475318,5.781168,5.863199,10.757145,12.442549,7.492818,11.339411,4.70342,4.073129,4.300996,12.536614,4.194967,5.187169,5.187169,4.481797,11.053614
Case,11.124471,12.640201,6.555819,7.367061,7.270915,6.459933,8.879826,5.921079,5.833295,7.548043,9.155933,9.091782,6.379123,6.139111,6.64166,6.180152,9.255963,6.485026,7.446527,6.287615,9.300999,7.367061,8.829221,7.796865,6.906516,6.890925,10.865958,6.094363,7.641961,6.599821,6.620993,6.379123
Case,11.157695,12.704346,6.636227,7.28243,7.072715,6.550812,8.895006,6.042403,5.947816,7.629002,9.184843,9.33898,6.434825,6.042403,6.532628,6.475447,9.304413,6.184885,7.422144,6.45541,9.216207,7.445211,9.079557,7.942916,7.143719,6.799493,10.964479,6.118962,7.68057,6.58602,6.532628,6.296887
Case,11.070566,12.728931,6.462033,7.229968,7.293615,6.573976,9.013899,5.912889,5.912889,7.402129,9.118316,9.31125,6.386056,6.165026,6.778271,6.485728,9.374593,6.614793,7.27278,6.412275,9.435244,7.373491,8.860444,7.731801,7.066142,6.53106,10.870407,6.165026,7.618008,6.744365,6.53106,6.330443
Case,9.443504,10.300633,6.416376,6.561378,7.889847,6.778184,8.010467,6.481869,6.291645,7.481948,9.059586,8.803915,6.369194,7.026867,6.66799,6.344342,9.35828,6.097251,6.263555,6.460666,9.182172,6.792924,7.644395,7.366298,6.716828,6.700838,10.271375,6.954603,7.348842,6.598407,6.263555,6.17015
Case,9.505872,10.246717,6.550554,6.297805,7.581613,7.027252,8.115473,6.23974,6.324927,7.363287,9.084399,8.813582,6.269466,7.19224,6.660343,6.208416,9.373385,6.350966,6.324927,6.468301,9.225093,6.803309,7.774059,7.354404,6.489685,6.530774,10.310907,6.927877,7.372105,6.726603,6.208416,6.01401
Case,9.55417,10.320341,6.476583,6.476583,7.57435,6.690532,8.314742,6.476583,6.133953,7.351351,9.161043,8.702864,6.174596,7.089862,6.631797,6.312663,9.409643,6.312663,6.451723,6.568817,9.331498,6.745697,7.756374,7.341116,6.451723,6.399357,10.220982,7.01041,7.233602,6.709289,6.590333,6.312663
Case,9.33855,12.838395,6.414479,6.824271,8.122804,6.310255,9.530464,5.821504,5.904446,8.044057,9.222702,8.868685,6.021332,5.967936,6.778272,6.547264,9.10669,6.547264,7.039544,6.389862,9.528592,7.436416,8.211635,7.269775,6.762438,7.259798,11.411903,5.967936,7.628394,6.461345,6.389862,6.11059
Case,9.184543,12.864281,6.664708,6.845959,8.017589,6.219939,9.570714,5.620711,5.833902,7.992489,9.162874,9.007263,6.045941,5.833902,6.703873,6.511796,9.02241,6.28949,7.441476,6.381245,9.428526,7.498416,8.203169,7.275182,6.940535,7.107505,11.477274,5.833902,7.671452,6.352043,6.28949,6.409272
Case,9.319879,12.806006,6.485242,6.759301,7.936131,6.289271,9.529233,5.620711,5.884925,7.9412,9.14198,8.960519,6.146956,5.807669,6.745314,6.504093,9.05415,6.289271,7.16601,6.314042,9.423155,7.372586,8.35612,7.238987,6.813289,7.137397,11.447389,6.077078,7.666502,6.314042,6.208269,6.236529
Case,10.051477,10.451929,6.690666,6.51536,7.373842,6.493381,8.033765,6.258307,6.345953,6.837378,7.489313,9.421723,5.823814,7.214613,6.690666,6.690666,9.098559,6.493381,6.896115,6.39852,9.627211,6.910282,7.762706,6.79093,6.59775,6.493381,10.885311,6.852388,7.803114,6.470765,6.191909,5.823814
Case,10.167262,10.403207,6.664508,6.335544,7.35003,6.268481,7.993153,6.335544,6.335544,7.108842,7.747637,9.421118,5.838247,7.328023,6.902596,6.576885,9.052485,6.504594,6.886198,6.396412,9.603398,6.799943,7.771241,6.869533,7.025239,6.744281,11.016117,6.902596,7.868874,6.504594,6.054558,5.620711
Case,10.057361,10.35319,6.52939,6.316825,7.329733,6.215905,7.914499,6.376169,5.986799,6.617159,7.618479,9.346643,5.919887,7.110921,6.821493,6.696803,9.053388,6.347154,6.870384,6.404017,9.496984,6.637752,7.737518,6.870384,6.821493,6.552218,11.054861,6.901706,7.796791,6.376169,6.092492,5.986799
Control,4.913053,11.221399,4.851745,10.663974,8.047486,7.36726,4.719523,3.963473,4.40314,6.293536,11.004334,9.991645,8.881485,3.963473,5.703347,4.787357,7.596457,5.230619,5.02761,7.437964,9.572556,6.804046,8.56286,5.2769,4.851745,5.02761,10.543387,2.809261,4.647801,5.736304,5.182689,7.869079
Control,4.680776,11.295844,4.764575,9.040286,9.530761,6.834237,4.070109,4.141697,4.590908,7.012652,9.694882,8.911623,6.759962,4.271803,5.708416,5.68824,7.288023,5.538147,5.64699,6.303471,9.653335,8.470232,8.036903,5.895583,6.367626,6.26354,9.39221,3.817436,3.817436,5.747909,4.98722,6.630381
Control,5.378211,11.256647,5.174543,10.632899,7.938781,6.972887,4.971291,4.179261,4.590105,6.279927,10.500505,9.862745,8.561687,3.473737,5.456942,5.294651,7.879699,4.685345,3.473737,7.456721,9.346675,5.927962,8.570331,5.378211,4.685345,5.48221,10.357219,3.619593,3.846704,5.48221,5.110196,8.04187
Control,4.765227,10.854244,4.594427,8.884928,6.418639,6.540466,3.957797,5.050352,5.387964,5.763288,8.466754,8.890633,7.589575,4.395633,4.321071,3.841713,6.793907,5.658254,5.354361,6.495992,7.464939,6.232027,8.08399,5.248253,4.765227,4.86743,8.896316,3.546931,3.841713,5.172575,5.284555,5.573911
Control,3.721318,10.852737,6.607265,12.13957,7.964846,5.803572,4.079283,5.001444,5.068213,5.725428,12.096574,11.950371,10.423752,4.603161,6.798487,3.721318,8.983631,4.894431,4.966741,9.275904,10.79512,6.361037,9.569185,5.068213,4.966741,5.001444,11.701222,4.218755,4.817828,4.966741,4.931089,9.420109
Control,3.965591,10.802041,6.451929,11.897543,8.887615,6.15519,4.250677,5.262425,5.105922,5.877109,11.763652,12.069353,10.027325,4.829743,6.483093,4.164037,8.988202,4.330973,5.82899,10.020745,10.496273,6.895256,9.893973,5.063748,4.330973,4.777378,11.463309,4.164037,5.804296,4.605757,4.722753,9.246924
Control,4.666229,11.867114,6.093859,11.443689,7.393084,5.516312,4.867462,6.749523,6.864254,6.112671,11.28194,11.374029,9.035953,5.544654,5.800115,5.081465,8.217907,5.39671,4.957317,8.313583,10.001851,7.79621,9.238137,5.544654,3.928649,4.357024,11.321486,5.29959,5.728281,5.120382,5.158191,7.813399
Control,5.120805,12.294489,5.284692,10.6093,6.541758,5.624419,4.715239,6.321375,6.746276,6.125034,9.960451,10.327294,8.01067,5.6542,5.245556,5.896948,7.710429,5.921493,5.562863,7.517189,9.406395,7.284577,8.420662,4.983123,3.879091,4.291126,10.699564,5.120805,4.654125,5.498434,5.284692,6.690767
Control,4.10244,9.774271,4.287474,9.032145,6.239646,6.097516,3.876351,5.199989,5.706007,4.649764,8.014592,7.910079,5.986461,3.738454,4.287474,4.710767,6.277767,5.865889,3.572204,6.220194,7.453261,7.268133,7.723906,4.649764,5.158494,4.198936,9.383732,3.572204,4.446003,5.76136,5.317303,5.390222
Control,10.163234,10.577965,4.732328,9.803722,5.479663,4.450122,4.07645,5.030816,5.658616,5.328273,8.801658,9.279279,7.858798,4.551659,5.526624,4.9268,7.588399,4.813706,4.279013,6.643746,9.025656,4.9268,7.975002,5.15784,4.338949,4.501973,10.080203,4.215653,3.269863,5.69996,5.835707,7.034439
Control,5.506108,12.399896,5.134482,10.06242,5.830812,4.693411,3.994332,6.011716,5.830812,6.039727,9.064277,9.769772,7.740432,4.766477,5.659855,5.022954,7.344377,5.585118,3.658669,7.626241,9.482611,6.729037,8.155701,5.506108,4.615788,4.443873,10.60449,4.693411,4.615788,6.197043,5.546179,7.366448
Control,4.37521,12.653089,4.687263,10.440668,5.797222,6.529276,5.207874,5.145002,6.621548,8.061538,9.923518,9.626815,7.959653,5.267934,5.797222,5.433615,6.92259,7.230855,3.942368,6.179903,9.686466,9.58753,9.05719,6.378601,4.775788,5.145002,10.581575,4.93624,3.942368,6.351862,6.975887,7.447313
Control,4.358854,12.3831,4.252884,9.505364,5.748592,5.602437,4.545359,5.563358,5.095161,5.972478,8.275737,8.86891,7.273711,5.563358,4.780211,5.782853,6.895644,6.288955,4.628708,5.972478,8.350687,7.23765,7.944533,4.780211,4.455805,4.455805,10.068346,4.706757,3.665333,6.799813,5.816293,6.507588
Control,4.275915,13.23337,4.879925,10.110344,5.919953,5.236478,4.275915,6.444473,6.422378,6.206359,9.430114,10.130794,8.936446,5.919953,5.127958,6.399935,6.843517,6.466231,4.80974,7.318965,9.069536,7.998757,8.474804,6.126366,4.656502,4.156988,9.824679,5.070197,5.183317,6.860003,6.282076,6.399935
Control,8.245076,10.942657,4.644979,8.764286,6.063307,6.692532,5.095469,5.169513,5.306353,6.412431,8.702755,8.752767,7.239535,4.7975,4.7975,4.188984,6.863558,5.169513,4.470838,5.488765,8.177734,6.655729,7.154368,5.860892,4.976008,5.169513,8.989554,4.266362,3.914822,5.571609,5.747563,5.430626
Control,4.647793,12.199533,4.5344,10.073196,6.176246,6.293524,4.473438,5.060102,5.276891,5.601892,9.445817,9.633966,8.152012,4.89293,5.727581,4.89293,7.235798,6.029116,4.016789,7.458825,9.546308,7.96923,9.83915,6.210755,4.592416,5.208455,10.508111,4.191209,4.473438,5.797883,5.575327,7.535126
Control,5.072579,11.728511,4.227457,8.949714,5.860695,5.492642,3.946464,5.522432,5.635547,6.113743,8.708487,8.267896,6.2947,5.366557,4.515738,5.906159,6.939568,5.333127,3.946464,5.837398,8.099537,5.906159,7.794227,4.943113,4.799303,5.190489,9.365356,4.45013,4.049008,5.813707,5.113054,5.714707
Control,4.332855,11.338886,5.257579,10.29794,7.595606,5.285178,4.787869,5.364578,4.941766,5.486983,9.144894,11.128003,8.931935,4.560049,4.453045,5.170986,7.069029,5.486983,4.560049,6.52918,8.95026,7.359437,8.838835,5.439387,5.200516,4.941766,9.100011,3.805561,4.702365,5.5553,8.860529,6.760949
Control,4.039013,11.443615,4.801674,9.650871,6.175387,5.244874,4.619729,5.290574,5.173079,5.741706,8.428891,10.159124,8.200673,4.53737,4.039013,5.015734,6.726276,5.834158,4.619729,6.103784,8.492234,7.352541,8.071388,5.553763,5.221393,4.49358,8.821182,4.349122,4.866927,5.709432,6.041158,5.934649
Control,4.25781,11.788306,5.755451,12.414805,7.278687,5.664816,4.841735,5.223724,5.156259,5.567618,11.806348,11.876341,9.990611,4.645585,4.747964,5.009225,8.07671,5.798589,3.843602,9.065059,10.56656,7.39264,9.622828,5.516223,4.928444,4.747964,11.3482,4.25781,4.841735,5.6171,5.084939,8.718079
Control,4.582656,11.841903,5.612859,11.189591,6.842471,5.994609,4.932723,5.074731,4.771286,5.371621,10.637686,10.668623,9.049213,4.351897,4.351897,5.005815,7.513187,6.121804,4.041042,7.654156,9.720234,6.688727,8.720452,5.960893,5.005815,4.582656,10.345491,4.211015,4.474001,5.521587,5.074731,7.305091
Control,3.896676,12.009056,4.504842,9.997808,6.584488,5.378879,4.641926,5.151534,5.065608,5.231918,8.684962,9.599616,7.649532,4.504842,3.896676,4.504842,6.584488,5.510863,4.97319,6.584488,8.332495,6.916749,7.876494,6.225627,4.504842,4.97319,9.362428,4.345985,4.641926,5.446533,6.225627,6.495332
Control,4.517566,12.11321,4.391515,10.759872,7.123507,5.135625,4.070052,5.135625,4.989848,5.89432,9.669704,10.326779,8.803796,4.629619,4.517566,4.070052,7.139535,6.005523,4.909788,7.515793,8.973662,7.246966,8.516583,6.264619,5.26607,4.245918,9.805904,4.245918,3.836471,5.26607,6.17302,7.387673
Control,7.007821,10.862361,4.403874,9.621363,7.060484,6.099781,6.50974,4.967927,5.119413,7.469842,8.636853,8.344471,7.514458,4.46956,3.971688,5.662775,6.826934,5.007606,5.433265,5.918194,8.095029,5.817532,7.680224,5.956475,7.025592,5.898645,9.248717,4.333313,4.926885,6.404309,6.149916,5.540199
Control,7.120801,10.963021,4.708302,10.419605,7.969867,6.091347,5.973187,5.398062,5.398062,7.535411,10.879495,10.290162,9.74755,4.198274,4.076029,5.506969,7.246284,4.834673,5.843924,7.683023,8.973689,6.157691,8.377868,5.359642,6.719557,5.541357,10.11146,4.30465,5.052383,6.068509,6.261688,7.21593
Control,4.72767,11.735758,4.950387,11.086987,8.994095,6.596319,4.664383,4.664383,4.597161,6.682359,10.1957,11.031898,8.902306,4.271827,4.271827,4.844401,7.588495,4.844401,4.525344,8.088211,9.320915,6.736948,8.486337,5.60565,5.1378,5.09357,10.085282,4.271827,4.168568,6.04169,6.245622,7.875145
Control,4.875051,11.75445,4.779634,10.006228,7.196518,6.486995,4.560074,4.72874,4.497245,6.790439,8.57007,9.696154,7.337312,4.675397,4.280049,4.497245,7.220967,5.229404,4.358176,6.77947,8.402675,6.895714,7.686076,5.823951,5.419891,5.35947,9.429853,4.497245,3.683572,6.314369,6.251763,6.459655
Control,5.17949,11.734701,4.691544,11.734701,7.857678,6.657734,4.44388,4.893079,4.575077,6.474188,10.659251,10.713013,9.469454,4.108502,4.371082,4.845933,7.652426,5.250451,4.292114,8.092456,9.688076,6.925843,9.123953,6.279278,5.024171,5.104272,10.401732,3.864208,4.691544,5.635673,5.827018,8.622555
Control,5.007002,12.03579,5.100843,12.3562,7.665162,6.499282,4.530685,4.530685,4.368852,6.888058,11.254063,11.348076,10.091445,4.368852,5.229471,4.957208,8.079249,6.07318,4.530685,8.51823,10.766468,6.720681,9.472762,6.051343,5.188045,4.276192,11.143418,4.172517,4.453112,6.029155,5.887961,9.427807
Control,11.436243,12.673204,6.741845,8.686463,6.706743,7.0755,8.95308,6.550676,6.410456,9.156927,10.62505,9.650776,6.435698,6.984793,7.124155,6.914932,10.229886,6.670246,7.24809,6.200772,10.15394,7.652937,8.94118,7.388939,7.965571,7.916264,11.730933,6.775681,7.444603,6.688678,6.6322,7.27971
Control,11.414212,12.634287,6.648851,8.920021,6.355239,7.034129,8.708869,6.648851,6.43363,9.137719,10.587254,9.640486,6.457978,7.096544,7.059522,6.789266,10.34603,6.648851,7.008128,6.199281,10.238627,7.751508,8.979109,7.384833,7.82046,7.686161,11.712889,6.867567,7.365733,6.548334,6.70404,7.244249
Control,11.367896,12.593472,6.68864,8.907839,6.506658,7.215537,8.789866,6.592384,6.328778,9.130941,10.668513,9.698876,6.460075,6.87059,6.929237,6.82426,10.300767,6.706704,7.050297,5.9774,10.22371,7.818486,9.011037,7.226471,8.058971,7.770279,11.711013,7.037501,7.290007,6.87059,6.651391,7.14766
Control,12.000769,12.537579,6.683357,6.604631,7.041575,6.885978,9.461818,6.624985,6.420506,7.835833,10.061115,9.84557,7.014928,7.340483,7.028333,6.562399,9.643289,6.494679,8.079192,6.276475,9.990842,7.612222,8.862722,6.885978,7.45644,6.664322,11.308423,7.041575,6.562399,7.014928,6.540451,6.170761
Control,11.979977,12.542069,6.760885,6.57979,7.019833,6.95419,9.549505,6.57979,6.517126,7.73171,9.941852,9.846447,6.926745,7.509527,7.117238,6.400067,9.637754,6.674899,7.773241,6.156525,9.920054,7.666803,8.771892,6.839719,7.806867,6.619092,11.245394,7.162921,6.692751,6.926745,6.599668,6.449097
Control,11.994104,12.456764,6.797377,6.533114,7.056558,6.963267,9.489061,6.617022,6.238294,7.735996,10.021064,9.904639,6.860896,7.443048,7.004244,6.387799,9.531513,6.510725,7.847434,6.302343,9.916868,7.589852,8.984787,6.829647,7.522911,6.763997,11.268297,7.200138,7.004244,6.797377,6.656072,6.554898
Control,9.935019,12.75129,6.548263,8.095186,7.073853,6.61622,8.940172,6.392019,6.189765,7.531627,9.740745,9.026246,6.052061,7.153104,6.895612,6.793459,9.665716,6.392019,8.007854,6.392019,10.013066,7.540888,8.205355,7.003168,6.738074,7.424927,11.573576,6.61622,7.586197,6.420424,6.47413,6.052061
Control,9.945236,12.683134,6.595575,8.104493,6.901083,6.751705,8.86265,6.481248,6.09225,7.698128,9.739813,8.995798,6.042841,7.017651,6.916385,6.853749,9.284948,6.481248,7.990701,6.284666,10.010634,7.429626,8.336307,6.820905,6.551752,7.031363,11.445257,6.528935,7.400288,6.637247,6.251139,5.919733
Control,9.794164,12.627202,6.712923,8.267406,7.081711,6.614648,8.571341,6.402015,6.249834,7.740337,9.614663,9.150739,6.04196,7.094594,6.867301,6.749441,9.46027,6.34529,7.662812,6.135729,10.074738,7.387033,8.336674,6.913829,6.572017,7.293836,11.554848,6.674898,7.283017,6.572017,6.315037,6.04196
Control,9.519206,12.905822,6.806224,6.470445,7.75757,7.117326,9.670157,6.56206,6.276235,7.77202,9.998656,9.734798,6.337596,7.492161,6.885534,6.56206,8.874756,6.470445,7.536125,6.170558,9.963163,7.42787,8.289382,6.973206,7.288109,7.12954,11.218169,7.141623,6.789567,6.822601,6.494363,6.445753
Control,9.574065,12.980479,6.798768,6.486266,7.785625,7.101743,9.601547,6.295111,6.237269,7.734408,9.980525,9.712796,6.206067,7.567277,6.855848,6.420457,8.929597,6.486266,7.417222,6.137724,9.91095,7.330202,8.234295,6.841884,7.14488,7.165846,11.261059,7.246075,7.010075,6.86962,6.566155,6.443042
Control,9.564448,12.931643,6.787427,6.444203,7.761299,7.219983,9.674369,6.699619,6.492726,7.739467,9.876507,9.836341,6.206904,7.775653,6.735734,6.364838,8.917577,6.364838,7.470975,6.468851,9.826532,7.52423,8.299892,6.820407,7.174373,7.064508,11.259023,7.038544,6.681014,6.883237,6.804056,6.581641
